,precision,recall,f1-score,support
1,0.9256198347107438,0.9218106995884774,0.9237113402061856,243.0
2,0.9227467811158798,0.9641255605381166,0.9429824561403508,223.0
3,0.8436018957345972,0.7447698744769874,0.7911111111111111,239.0
4,0.8513513513513513,0.8289473684210527,0.8400000000000001,228.0
5,0.8228782287822878,0.9065040650406504,0.8626692456479691,246.0
accuracy,0.8727735368956743,0.8727735368956743,0.8727735368956743,0.8727735368956743
macro avg,0.8732396183389721,0.873231513613057,0.8720948306211233,1179.0
weighted avg,0.872650684896244,0.8727735368956743,0.8715514277984369,1179.0
